<?xml version="1.0" encoding="utf-8"?>
<scenario xmlns="urn:perfcake:scenario:6.0">
   <run type="${perfcake.run.type:time}" value="${perfcake.run.duration:30000}"/>
   <generator class="DefaultMessageGenerator" threads="${perfcake.thread.count:100}"/>
   <sender class="HttpSender">
      <target>http://${server.host}/post</target>
      <property name="method" value="POST"/>
   </sender>
   <reporting>
      <reporter class="IterationsPerSecondReporter">
         <destination class="ConsoleDestination">
            <period type="time" value="1000"/>
         </destination>
      </reporter>
   </reporting>
   <messages>
      <message uri="plain.txt"/>
   </messages>
</scenario>
