<?xml version="1.0" encoding="utf-8"?>
<scenario xmlns="urn:perfcake:scenario:6.0">
   <run type="${perfcake.run.type:iteration}" value="${perfcake.run.duration:500000}"/>
   <generator class="ImmediateMessageGenerator" threads="${perfcake.thread.count:500}"/>
   <sender class="JdbcSender">
      <target>jdbc:postgres:/localhost:5432/postgres</target>
      <property name="driverClass" value="org.postgresql.Driver"/>
      <property name="username" value="postgres"/>
      <property name="password" value="password"/>
   </sender>
   <reporting>
      <reporter class="WarmUpReporter"/>
      <reporter class="ThroughputStatsReporter">
         <destination class="CsvDestination">
            <period type="time" value="30000"/>
            <property name="path" value="${perfcake.scenario}-throughput-stats.csv"/>
         </destination>
         <destination class="ConsoleDestination">
            <period type="time" value="1000"/>
         </destination>
         <!--destination class="ConsoleDestination">
            <period type="time" value="30000" />
         </destination-->
      </reporter>
   </reporting>
   <messages>
      <message uri="jdbc-simple-select.sql"/>
   </messages>
</scenario>
