<?xml version="1.0" encoding="utf-8"?>
<scenario xmlns="urn:perfcake:scenario:6.0">
   <run type="${perfcake.run.type:time}" value="${perfcake.run.duration:300000}"/>
   <generator class="DefaultMessageGenerator" threads="${perfcake.thread.count:100}"/>
   <sender class="RequestResponseJmsSender">
      <target>queue/jms_secured_perf_request_gw</target>
      <property name="messageType" value="OBJECT"/>
      <property name="responseTarget" value="queue/jms_secured_perf_response"/>
      <property name="receivingTimeout" value="10000"/>
      <property name="receiveAttempts" value="1"/>
      <property name="username" value="gatewayuser"/>
      <property name="password" value="gwpassword"/>
      <property name="connectionFactory" value="XAConnectionFactory"/>
   </sender>
   <reporting>
      <reporter class="ThroughputStatsReporter">
         <destination class="CsvDestination">
            <period type="time" value="30000"/>
            <property name="path" value="${perfcake.scenario}-throughput-stats.csv"/>
         </destination>
         <!--destination class="ConsoleDestination">
            <period type="time" value="30000" />
         </destination-->
      </reporter>
      <!--reporter class="MemoryUsageReporter">
         <destination class="CsvDestination">
            <period type="time" value="30000"/>
            <property name="path" value="${perfcake.scenario}-memory-usage.csv" />
         </destination>
         <destination class="ConsoleDestination">
            <period type="time" value="30000" />
         </destination>
      </reporter-->
   </reporting>
   <messages>
      <message uri="1kB_message.xml"/>
   </messages>
</scenario>
