<?xml version="1.0" encoding="utf-8"?>
<scenario xmlns="urn:perfcake:scenario:6.0">
   <run type="${perfcake.performance.run.type:time}" value="${perfcake.performance.run.duration:300000}"/>
   <generator class="DefaultMessageGenerator" threads="${threads:25}">
      <property name="senderTaskQueueSize" value="${queue.size:5000}"/>
   </generator>
   <sender class="DummySender"/>
   <reporting>
      <reporter class="WarmUpReporter" enabled="${perfcake.performance.warmup.enabled:true}">
         <property name="relativeThreshold" value="0.005"/>
         <property name="absoluteThreshold" value="0.5"/>
         <property name="minimalWarmUpCount" value="500"/>
      </reporter>
      <reporter class="ThroughputStatsReporter">
         <destination class="CsvDestination">
            <period type="time" value="5000"/>
            <property name="path" value="${perfcake.scenario}-${threads}t-${queue.size:5000}tqs-throughput-stats-${perfcake.run.timestamp}.csv"/>
         </destination>
         <destination class="ConsoleDestination">
            <period type="time" value="5000"/>
         </destination>
      </reporter>
   </reporting>
</scenario>
