<?xml version="1.0" encoding="utf-8"?>
<scenario xmlns="urn:perfcake:scenario:6.0">
   <!--properties/-->
   <run type="${perfcake.run.type:time}" value="${perfcake.run.duration:300000}"/>
   <generator class="DefaultMessageGenerator" threads="${perfcake.thread.count:100}">
      <property name="senderTaskQueueSize" value="500000"/>
   </generator>
   <sender class="DummySender">
      <target>Out there!</target>
   </sender>
   <reporting>
      <reporter class="WarmUpReporter"/>
      <reporter class="ThroughputStatsReporter">
         <destination class="CsvDestination">
            <period type="time" value="30000"/>
            <property name="path" value="${perfcake.scenario}-throughput-stats.csv"/>
         </destination>
         <!--destination class="ConsoleDestination">
            <period type="time" value="30000" />
         </destination-->
      </reporter>
      <!--reporter class="MemoryUsageReporter">
         <destination class="CsvDestination">
            <period type="time" value="30000"/>
            <property name="path" value="${perfcake.scenario}-memory-usage.csv" />
         </destination>
         <destination class="ConsoleDestination">
            <period type="time" value="30000" />
         </destination>
      </reporter-->
   </reporting>
</scenario>
